{
  "prepare_queue": {
    "installed": [],
    "uninstalled": []
  },
  "config_munge": {
    "files": {
      "config.xml": {
        "parents": {
          "/*": [
            {
              "xml": "<feature name=\"BarcodeScanner\"><param name=\"browser-package\" value=\"BarcodeScanner\" /></feature>",
              "count": 1
            }
          ]
        }
      }
    }
  },
  "installed_plugins": {
    "cordova-plugin-whitelist": {
      "PACKAGE_NAME": "org.sergiolopes.garconapp"
    },
    "phonegap-plugin-barcodescanner": {
      "PACKAGE_NAME": "org.sergiolopes.garconapp"
    },
    "cordova-plugin-statusbar": {
      "PACKAGE_NAME": "org.sergiolopes.garconapp"
    }
  },
  "dependent_plugins": {},
  "modules": [
    {
      "file": "plugins/phonegap-plugin-barcodescanner/www/barcodescanner.js",
      "id": "phonegap-plugin-barcodescanner.BarcodeScanner",
      "pluginId": "phonegap-plugin-barcodescanner",
      "clobbers": [
        "cordova.plugins.barcodeScanner"
      ]
    },
    {
      "file": "plugins/phonegap-plugin-barcodescanner/src/browser/BarcodeScannerProxy.js",
      "id": "phonegap-plugin-barcodescanner.BarcodeScannerProxy",
      "pluginId": "phonegap-plugin-barcodescanner",
      "runs": true
    },
    {
      "file": "plugins/cordova-plugin-statusbar/www/statusbar.js",
      "id": "cordova-plugin-statusbar.statusbar",
      "pluginId": "cordova-plugin-statusbar",
      "clobbers": [
        "window.StatusBar"
      ]
    },
    {
      "file": "plugins/cordova-plugin-statusbar/src/browser/StatusBarProxy.js",
      "id": "cordova-plugin-statusbar.StatusBarProxy",
      "pluginId": "cordova-plugin-statusbar",
      "runs": true
    }
  ],
  "plugin_metadata": {
    "cordova-plugin-whitelist": "1.3.3",
    "phonegap-plugin-barcodescanner": "8.0.1",
    "cordova-plugin-statusbar": "2.4.2"
  }
}
